{
  "train_loss": [
    19.24540453600737,
    8.114533853677154,
    6.595029629081305,
    6.177794344586097,
    5.857143389666739,
    5.344371269085656,
    5.116807365710018,
    5.5082009687014155,
    5.126759328725147,
    4.982184411557905,
    5.158781391711323,
    5.292798587880983,
    5.066861418127282,
    5.025494122797726,
    4.7340851963663395,
    4.58606480455106,
    4.716978526554224,
    4.530644552107969,
    4.2144894731556715,
    4.582615410623375,
    4.3268981045740516,
    4.204527560918609,
    4.2383877660599225,
    4.079379110248542,
    4.472987204241607,
    4.157310064584931,
    3.9764715228344034,
    3.6302857545255884,
    3.425868321050164,
    3.430558804354053,
    3.1923550520937867,
    3.1672047274244344,
    3.0802346036478054,
    3.1647965659393122,
    3.068292909970313,
    2.9345301499396013,
    2.8483113511208376,
    2.825077315049669,
    2.8018578298252783,
    2.8001093045334144
  ],
  "val_loss": [
    5.904921054840088,
    5.427288407371158,
    4.842452696391514,
    4.213420970099313,
    3.6477268991016207,
    3.1873868703842163,
    2.8451028210776195,
    2.6086097160975137,
    2.442770588965643,
    2.3317605767931258,
    2.252158982413156,
    2.1932009628840854,
    2.1691258123942783,
    2.1670767068862915,
    2.1891909610657465,
    2.229347995349339,
    2.280596233549572,
    2.3407514549437023,
    2.401225129763285,
    2.461762558846247,
    2.5219032821201144,
    2.5803552638916742,
    2.637196569215684,
    2.692077954610189,
    2.7443338462284634,
    2.794556946981521,
    2.841349238441104,
    2.88628541855585,
    2.9269803024473644,
    2.9663522016434443,
    3.002434037980579,
    3.0356424990154447,
    3.0663706915719167,
    3.095229841413952,
    3.121695427667527,
    3.1449516387212846,
    3.165414367403303,
    3.1836674440474737,
    3.1989504382723855,
    3.2116267454056513
  ],
  "train_acc": [
    0.014570552147239263,
    0.4294478527607362,
    0.5954754601226994,
    0.6361196319018405,
    0.6506901840490797,
    0.6710122699386503,
    0.6771472392638037,
    0.6541411042944786,
    0.6771472392638037,
    0.6794478527607362,
    0.6621932515337423,
    0.6759969325153374,
    0.6763803680981595,
    0.6851993865030674,
    0.6909509202453987,
    0.6959355828220859,
    0.6790644171779141,
    0.7082055214723927,
    0.7051380368098159,
    0.7020705521472392,
    0.6909509202453987,
    0.7089723926380368,
    0.6932515337423313,
    0.7028374233128835,
    0.7013036809815951,
    0.7243098159509203,
    0.74079754601227,
    0.7515337423312883,
    0.772239263803681,
    0.7668711656441718,
    0.7795245398773006,
    0.781058282208589,
    0.790260736196319,
    0.7822085889570553,
    0.7963957055214724,
    0.7944785276073619,
    0.80329754601227,
    0.8086656441717791,
    0.807898773006135,
    0.8228527607361963
  ],
  "val_acc": [
    0.10416666666666667,
    0.125,
    0.1636904761904762,
    0.22321428571428573,
    0.33035714285714285,
    0.41964285714285715,
    0.5357142857142857,
    0.6101190476190477,
    0.674603174839701,
    0.7132936510301772,
    0.7678571428571429,
    0.7857142857142857,
    0.8154761904761905,
    0.8561507945968991,
    0.8621031755492801,
    0.8898809523809523,
    0.8928571428571429,
    0.8958333333333334,
    0.8958333333333334,
    0.9107142857142857,
    0.9166666666666666,
    0.9166666666666666,
    0.9166666666666666,
    0.9136904761904762,
    0.9136904761904762,
    0.9136904761904762,
    0.9196428571428571,
    0.9196428571428571,
    0.9166666666666666,
    0.9196428571428571,
    0.9255952380952381,
    0.9255952380952381,
    0.9285714285714286,
    0.9285714285714286,
    0.9285714285714286,
    0.9285714285714286,
    0.9285714285714286,
    0.9315476190476191,
    0.9315476190476191,
    0.9315476190476191
  ],
  "train_pck": [
    0.9677914110429447,
    1.0,
    1.0,
    1.0,
    1.0,
    1.0,
    1.0,
    1.0,
    1.0,
    1.0,
    1.0,
    1.0,
    1.0,
    1.0,
    1.0,
    1.0,
    1.0,
    1.0,
    1.0,
    1.0,
    1.0,
    1.0,
    1.0,
    1.0,
    1.0,
    1.0,
    1.0,
    1.0,
    1.0,
    1.0,
    1.0,
    1.0,
    1.0,
    1.0,
    1.0,
    1.0,
    1.0,
    1.0,
    1.0,
    1.0
  ],
  "val_pck": [
    0.002976190476190476,
    0.011904761904761904,
    0.020833333333333332,
    0.03869047619047619,
    0.06547619047619048,
    0.11011904761904762,
    0.18253968301273527,
    0.2569444449174972,
    0.36805555650166105,
    0.48710317554928007,
    0.7837301577840533,
    0.9553571428571429,
    0.9940476190476191,
    0.9970238095238095,
    1.0,
    1.0,
    1.0,
    1.0,
    1.0,
    1.0,
    1.0,
    1.0,
    1.0,
    1.0,
    1.0,
    1.0,
    1.0,
    1.0,
    1.0,
    1.0,
    1.0,
    1.0,
    1.0,
    1.0,
    1.0,
    1.0,
    1.0,
    1.0,
    1.0,
    1.0
  ]
}